Week,Date Range,Theme,GBP Post Prompt,Review Reply Focus,Social Snippet,Email / Newsletter Angle,Internal Note
1,May 4 – May 10,Spring glow plan kickoff,"Spring glow plan in [city]: Hydrafacial + LED finishing — three weekly slots open this week.",5★ + 4★ replies; warm tone; emphasize unhurried consults,"3 things we ask every guest before a Hydrafacial — none of them are about the treatment.","Spring glow plan: a 4-week cadence for a refreshed look without overpromising results.","Confirm GBP photo refresh; brief front desk on spring offer."
2,May 11 – May 17,Wedding-season prep,"Wedding-season prep in [city]: book your bridal calendar 8 weeks out. Here's the cadence we recommend.",Membership + bridal inquiries; polished tone,"Why we book bridal calendars 8 weeks out — and what we won't promise on the day-of.","Bridal-prep cadence: what to book 8, 4, and 1 weeks out.","Pull last year's May–July bridal volume; align provider availability."
3,May 18 – May 24,Membership unlock,"Membership at [clinic name]: built for the guest who books 6+ visits a year. Here's the math.",Membership renewals; warm tone,"Membership math: when monthly cadence pays for itself — and when it doesn't.","Membership transparency: cadence, perks, and when it isn't the right fit.","Tag any 4★ review mentioning membership for a member-only follow-up."
4,May 25 – May 31,Memorial Day pacing,"Three [service] slots open this Friday in [city] before the long weekend.",Faster reply turnaround pre-holiday; clinical tone,"Holiday week pacing: how we schedule consults so the visit doesn't feel rushed.","Pre-holiday booking window — last calls for Memorial Day glow visits.","Holiday hours; brief on-call for any 1–2★ reviews during the long weekend."
5,Jun 1 – Jun 7,Front-desk Q&A,"From our front desk in [city]: the three questions we get asked most on Mondays — answered honestly.",Polished tone; emphasize aftercare clarity,"The three Monday-morning questions our [city] front desk answers most often.","A front-desk Q&A: what guests ask before their first visit.","Capture top 5 inbound questions of the week for next month's content."
6,Jun 8 – Jun 14,Summer SPF reset,"Summer in [city]: the SPF habits we ask every guest to bring home — no product names, just the practice.",Warm tone; SPF guidance reminder,"SPF as a habit, not a product. The 3 practices we send guests home with.","SPF reset: 3 habits we ask every guest to bring home this summer.","Refresh aftercare one-pager with summer SPF reminder."
7,Jun 15 – Jun 21,Honest service spotlight — laser hair removal,"How we structure laser hair removal series in [city] — and why timing between visits matters.",Clinical tone; cadence-focused replies,"Why we don't compress a laser hair removal series — and what 'finished' actually looks like.","Laser hair removal: the honest series cadence.","Audit laser bookings for any guests overdue on cadence."
8,Jun 22 – Jun 28,Mid-year review-driven post,"You asked for clearer aftercare guidance. Here's the new one-pager every guest leaves with.",Address top 4★ improvement publicly; polished tone,"We listened: here's the one-pager we redesigned this quarter.","Mid-year update: what we changed because guests asked.","Pull top 3 themes from H1 reviews; share with team in huddle."
9,Jun 29 – Jul 5,Independence Day pacing,"Last [service] slots before the holiday — three openings in [city] this Wednesday.",Faster turnaround pre-holiday; warm tone,"How we pace consults around July 4 so nothing feels squeezed.","Pre-holiday booking: cadence and what's on hold during the long weekend.","Confirm holiday hours posted on GBP, Instagram, and front-desk script."
10,Jul 6 – Jul 12,Trust + expertise,"Meet [provider]: how she thinks about consults at [clinic name].",Clinical tone; expert-led,"How [provider] runs an injectables consult — and the questions she always asks.","Provider spotlight: [provider]'s approach to a first consult.","Get provider sign-off on quotes; never publish without consent."
11,Jul 13 – Jul 19,Honest service spotlight — chemical peels,"Why our [city] peels run lighter in summer than in fall — and which fits which goal.",Clinical tone; sun-exposure reminder,"Peel season honesty: why summer peels look different than fall peels.","Peels in summer: a lighter cadence and why that's the point.","Refresh consult intake to ask sun-exposure history this season."
12,Jul 20 – Jul 26,Quiet-guest re-warm,"Haven't been in since spring? Three things changed at [clinic name] in [city] — and how to pick up your routine.",Re-engagement; warm tone,"Three things changed at [clinic name] this quarter — and what stayed the same.","Re-warm: a no-pressure way to pick your routine back up.","Pull list of guests last seen 60+ days ago for a soft outreach."
13,Jul 27 – Aug 2,Fall peel runway preview,"Fall is peel season in [city]. Here's how we sequence the next 8 weeks for guests who want a refresh.",Clinical tone; sequencing-focused,"Fall peel runway: how we sequence 8 weeks of visits before holidays.","Fall peel runway: 8-week sequencing for guests planning ahead.","Open Aug–Sep peel block on the schedule; brief front desk on cadence."
